time (s), delta (m), mass (kg), vol (m3), Tsurf (k), Tcore (k), MLR(kg/m3/s)
1,0.0125,17.0988,0.0125,348.083,300,0.0034153
2,0.0124998,17.0985,0.0124998,389.116,299.999,0.0495627
3,0.0124983,17.0949,0.0124981,417.625,299.996,0.275934
4,0.0124937,17.0855,0.0124933,436.278,299.992,0.467903
5,0.012488,17.0742,0.0124877,455.908,299.987,0.447032
6,0.0124826,17.0634,0.0124823,475.106,299.983,0.44334
7,0.0124774,17.053,0.0124771,492.445,299.98,0.424086
8,0.0124723,17.0428,0.012472,508.095,299.976,0.406102
9,0.0124674,17.033,0.0124671,522.503,299.973,0.396789
10,0.0124626,17.0235,0.0124623,535.719,299.97,0.382381
11,0.012458,17.0143,0.0124577,547.951,299.967,0.371069
12,0.0124535,17.0053,0.0124533,559.305,299.964,0.362122
13,0.0124491,16.9966,0.0124489,569.771,299.955,0.355862
14,0.0124449,16.988,0.0124446,579.651,299.952,0.343869
15,0.0124407,16.9797,0.0124405,588.925,299.95,0.335633
16,0.0124367,16.9715,0.0124364,597.647,299.948,0.330051
17,0.0124327,16.9635,0.0124325,605.859,299.945,0.324295
18,0.0124288,16.9556,0.0124286,613.61,299.943,0.320102
19,0.012425,16.9478,0.0124248,620.938,299.941,0.316318
20,0.0124213,16.94,0.012421,627.879,299.939,0.313862
21,0.0124176,16.9324,0.0124174,634.465,299.937,0.312122
22,0.012414,16.9247,0.0124138,640.724,299.935,0.31171
23,0.0124104,16.917,0.0124102,646.681,299.933,0.312201
24,0.012407,16.9093,0.0124067,652.359,299.931,0.314067
25,0.0124035,16.9016,0.0124033,657.777,299.929,0.317003
26,0.0124001,16.8937,0.0123999,662.955,299.927,0.32133
27,0.0123968,16.8858,0.0123966,667.908,299.925,0.326887
28,0.0123935,16.8777,0.0123933,672.653,299.924,0.333808
29,0.0123903,16.8694,0.0123901,677.202,299.922,0.342076
30,0.0123871,16.8608,0.0123869,681.569,299.92,0.351653
31,0.0123839,16.852,0.0123837,685.766,299.918,0.362604
32,0.0123808,16.843,0.0123806,689.802,299.917,0.374802
33,0.0123777,16.8336,0.0123775,693.688,299.915,0.388285
34,0.0123747,16.8239,0.0123745,697.433,299.913,0.402934
35,0.0123717,16.8138,0.0123715,701.045,299.912,0.418685
36,0.0123687,16.8033,0.0123685,704.532,299.91,0.435454
37,0.0123658,16.7923,0.0123656,707.902,299.909,0.453097
38,0.0123629,16.781,0.0123627,711.159,299.907,0.471517
39,0.01236,16.7691,0.0123598,714.312,299.906,0.490551
40,0.0123572,16.7568,0.012357,717.364,299.904,0.510052
41,0.0123543,16.744,0.0123542,720.323,299.903,0.529863
42,0.0123516,16.7308,0.0123514,723.191,299.902,0.549806
43,0.0123488,16.7169,0.0123486,725.88,299.894,0.573224
44,0.012346,16.7026,0.0123459,728.589,299.892,0.590441
45,0.0123433,16.6879,0.0123432,731.216,299.891,0.608761
46,0.0123406,16.6727,0.0123405,733.768,299.89,0.627144
47,0.012338,16.6571,0.0123378,736.248,299.889,0.645094
48,0.0123354,16.641,0.0123352,738.66,299.889,0.662324
49,0.0123328,16.6245,0.0123326,741.007,299.888,0.678644
50,0.0123302,16.6077,0.01233,743.291,299.888,0.693918
51,0.0123276,16.5905,0.0123274,745.516,299.887,0.708041
52,0.0123251,16.5729,0.0123249,747.682,299.887,0.720937
53,0.0123225,16.5551,0.0123224,749.793,299.888,0.732559
54,0.01232,16.537,0.0123199,751.85,299.888,0.742876
55,0.0123175,16.5186,0.0123174,753.855,299.889,0.751882
56,0.0123151,16.5001,0.0123149,755.81,299.89,0.759594
57,0.0123126,16.4814,0.0123125,757.716,299.891,0.766041
58,0.0123102,16.4625,0.01231,759.575,299.893,0.771274
59,0.0123078,16.4436,0.0123076,761.387,299.895,0.775354
60,0.0123054,16.4245,0.0123052,763.156,299.897,0.778355
61,0.012303,16.4054,0.0123028,764.881,299.9,0.780358
62,0.0123006,16.3863,0.0123005,766.565,299.904,0.781451
63,0.0122983,16.3671,0.0122981,768.209,299.908,0.781725
64,0.0122959,16.3479,0.0122958,769.813,299.912,0.78127
65,0.0122936,16.3288,0.0122935,771.379,299.917,0.780178
66,0.0122913,16.3097,0.0122912,772.909,299.923,0.778533
67,0.012289,16.2907,0.0122889,774.403,299.93,0.776418
68,0.0122868,16.2717,0.0122866,775.862,299.937,0.773909
69,0.0122845,16.2528,0.0122844,777.288,299.945,0.771075
70,0.0122823,16.234,0.0122821,778.681,299.954,0.767979
71,0.01228,16.2152,0.0122799,780.043,299.963,0.764675
72,0.0122778,16.1965,0.0122777,781.375,299.974,0.761211
73,0.0122756,16.1779,0.0122755,782.677,299.985,0.757629
74,0.0122734,16.1594,0.0122733,783.95,299.998,0.753963
75,0.0122712,16.141,0.0122711,785.196,300.011,0.750242
76,0.0122691,16.1227,0.0122689,786.416,300.026,0.74649
77,0.0122669,16.1045,0.0122668,787.609,300.041,0.742726
78,0.0122648,16.0864,0.0122646,788.777,300.058,0.738967
79,0.0122626,16.0684,0.0122625,789.921,300.076,0.735223
80,0.0122605,16.0505,0.0122604,791.041,300.096,0.731504
81,0.0122584,16.0326,0.0122583,792.139,300.116,0.727817
82,0.0122563,16.0149,0.0122562,793.214,300.138,0.724167
83,0.0122542,15.9972,0.0122541,794.268,300.161,0.720559
84,0.0122521,15.9797,0.012252,795.301,300.186,0.716994
85,0.0122501,15.9622,0.0122499,796.264,300.212,0.713474
86,0.012248,15.9447,0.0122479,797.194,300.239,0.71182
87,0.012246,15.9273,0.0122458,798.186,300.269,0.707747
88,0.0122439,15.9101,0.0122438,799.151,300.299,0.703911
89,0.0122419,15.893,0.0122417,800.095,300.332,0.700258
90,0.0122399,15.8759,0.0122397,801.019,300.366,0.696747
91,0.0122378,15.8589,0.0122377,801.925,300.401,0.693348
92,0.0122359,15.8421,0.0122357,802.814,300.439,0.690039
93,0.0122339,15.8253,0.0122337,803.687,300.478,0.686806
94,0.0122319,15.8086,0.0122318,804.544,300.519,0.68364
95,0.0122299,15.7919,0.0122298,805.385,300.561,0.680533
96,0.012228,15.7753,0.0122278,806.211,300.606,0.677479
97,0.012226,15.7589,0.0122259,807.023,300.652,0.674477
98,0.0122241,15.7424,0.012224,807.821,300.701,0.671522
99,0.0122221,15.7261,0.012222,808.605,300.751,0.668612
100,0.0122202,15.7098,0.0122201,809.376,300.803,0.665746
101,0.0122183,15.6937,0.0122182,810.134,300.857,0.662922
102,0.0122164,15.6775,0.0122163,810.88,300.914,0.660139
103,0.0122145,15.6615,0.0122144,811.613,300.972,0.657394
104,0.0122126,15.6455,0.0122125,812.335,301.032,0.654689
105,0.0122107,15.6296,0.0122106,813.045,301.094,0.65202
106,0.0122089,15.6137,0.0122087,813.743,301.159,0.649388
107,0.012207,15.5979,0.0122069,814.431,301.225,0.646791
108,0.0122051,15.5822,0.012205,815.107,301.294,0.644228
109,0.0122033,15.5666,0.0122032,815.774,301.365,0.6417
110,0.0122014,15.551,0.0122013,816.43,301.438,0.639204
111,0.0121996,15.5354,0.0121995,817.076,301.513,0.636741
112,0.0121978,15.52,0.0121976,817.712,301.59,0.63431
113,0.0121959,15.5046,0.0121958,818.339,301.67,0.631909
114,0.0121941,15.4892,0.012194,818.956,301.752,0.629539
115,0.0121923,15.4739,0.0121922,819.565,301.836,0.627199
116,0.0121905,15.4587,0.0121904,820.164,301.922,0.624887
117,0.0121887,15.4435,0.0121886,820.755,302.011,0.622605
118,0.0121869,15.4284,0.0121868,821.337,302.101,0.62035
119,0.0121851,15.4134,0.012185,821.912,302.194,0.618123
120,0.0121834,15.3983,0.0121832,822.478,302.29,0.615923
121,0.0121816,15.3834,0.0121815,823.036,302.387,0.613749
122,0.0121798,15.3685,0.0121797,823.586,302.487,0.611602
123,0.0121781,15.3537,0.012178,824.129,302.589,0.609479
124,0.0121763,15.3389,0.0121762,824.664,302.694,0.607382
125,0.0121746,15.3241,0.0121745,825.192,302.801,0.60531
126,0.0121728,15.3095,0.0121727,825.713,302.91,0.603261
127,0.0121711,15.2948,0.012171,826.227,303.021,0.601237
128,0.0121694,15.2802,0.0121693,826.735,303.135,0.599236
129,0.0121676,15.2657,0.0121675,827.235,303.251,0.597257
130,0.0121659,15.2512,0.0121658,827.729,303.369,0.595301
131,0.0121642,15.2368,0.0121641,828.217,303.489,0.593368
132,0.0121625,15.2224,0.0121624,828.699,303.612,0.591456
133,0.0121608,15.2081,0.0121607,829.174,303.737,0.589566
134,0.0121591,15.1938,0.012159,829.643,303.865,0.587697
135,0.0121574,15.1796,0.0121573,830.107,303.994,0.585849
136,0.0121558,15.1654,0.0121557,830.565,304.126,0.584022
137,0.0121541,15.1512,0.012154,831.017,304.261,0.582214
138,0.0121524,15.1371,0.0121523,831.463,304.397,0.580427
139,0.0121507,15.1231,0.0121506,831.904,304.536,0.578659
140,0.0121491,15.109,0.012149,832.248,304.678,0.578877
141,0.0121474,15.095,0.0121473,832.674,304.821,0.57686
142,0.0121458,15.081,0.0121457,833.109,304.966,0.574853
143,0.0121441,15.0671,0.012144,833.538,305.114,0.572911
144,0.0121425,15.0532,0.0121424,833.959,305.264,0.571029
145,0.0121408,15.0394,0.0121407,834.374,305.416,0.569199
146,0.0121392,15.0256,0.0121391,834.783,305.571,0.567416
147,0.0121376,15.0119,0.0121375,835.187,305.727,0.565672
148,0.0121359,14.9982,0.0121358,835.586,305.886,0.563965
149,0.0121343,14.9846,0.0121342,835.98,306.046,0.56229
150,0.0121327,14.971,0.0121326,836.369,306.209,0.560644
151,0.0121311,14.9574,0.012131,836.754,306.374,0.559025
152,0.0121295,14.9439,0.0121294,837.134,306.542,0.557432
153,0.0121279,14.9304,0.0121278,837.51,306.711,0.555863
154,0.0121263,14.917,0.0121262,837.882,306.882,0.554315
155,0.0121247,14.9036,0.0121246,838.25,307.056,0.552789
156,0.0121231,14.8902,0.012123,838.613,307.231,0.551284
157,0.0121216,14.8769,0.0121215,838.973,307.409,0.549798
158,0.01212,14.8636,0.0121199,839.328,307.588,0.548331
159,0.0121184,14.8503,0.0121183,839.68,307.77,0.546882
160,0.0121168,14.8371,0.0121167,840.029,307.954,0.545451
161,0.0121153,14.824,0.0121152,840.373,308.139,0.544038
162,0.0121137,14.8108,0.0121136,840.714,308.327,0.542642
163,0.0121122,14.7977,0.0121121,841.051,308.516,0.541261
164,0.0121106,14.7846,0.0121105,841.385,308.708,0.539897
165,0.0121091,14.7716,0.012109,841.716,308.901,0.538549
166,0.0121075,14.7586,0.0121074,842.043,309.096,0.537217
167,0.012106,14.7456,0.0121059,842.367,309.294,0.5359
168,0.0121044,14.7327,0.0121043,842.687,309.493,0.534598
169,0.0121029,14.7198,0.0121028,843.005,309.693,0.533311
170,0.0121014,14.7069,0.0121013,843.319,309.896,0.532038
171,0.0120998,14.6941,0.0120997,843.63,310.101,0.530781
172,0.0120983,14.6813,0.0120982,843.938,310.307,0.529537
173,0.0120968,14.6685,0.0120967,844.243,310.515,0.528307
174,0.0120953,14.6557,0.0120952,844.545,310.725,0.52709
175,0.0120938,14.643,0.0120937,844.845,310.937,0.525888
176,0.0120922,14.6303,0.0120922,845.141,311.15,0.524699
177,0.0120907,14.6177,0.0120906,845.435,311.365,0.523524
178,0.0120892,14.605,0.0120891,845.725,311.582,0.522361
179,0.0120877,14.5924,0.0120876,846.013,311.8,0.521211
180,0.0120862,14.5799,0.0120861,846.299,312.02,0.520075
181,0.0120847,14.5673,0.0120846,846.582,312.242,0.518951
182,0.0120832,14.5548,0.0120831,846.862,312.465,0.517841
183,0.0120817,14.5423,0.0120817,847.139,312.69,0.516742
184,0.0120803,14.5299,0.0120802,847.414,312.917,0.515656
185,0.0120788,14.5175,0.0120787,847.687,313.145,0.514582
186,0.0120773,14.5051,0.0120772,847.957,313.374,0.513521
187,0.0120758,14.4927,0.0120757,848.225,313.605,0.512472
188,0.0120743,14.4803,0.0120742,848.49,313.838,0.511435
189,0.0120728,14.468,0.0120728,848.753,314.072,0.51041
190,0.0120714,14.4557,0.0120713,849.014,314.308,0.509396
191,0.0120699,14.4435,0.0120698,849.272,314.545,0.508395
192,0.0120684,14.4312,0.0120683,849.528,314.783,0.507406
193,0.012067,14.419,0.0120669,849.782,315.023,0.506428
194,0.0120655,14.4068,0.0120654,850.034,315.264,0.505461
195,0.012064,14.3947,0.0120639,850.283,315.506,0.504506
196,0.0120626,14.3825,0.0120625,850.531,315.75,0.503562
197,0.0120611,14.3704,0.012061,850.776,315.995,0.50263
198,0.0120596,14.3583,0.0120596,851.019,316.241,0.501709
199,0.0120582,14.3462,0.0120581,851.261,316.489,0.500799
200,0.0120567,14.3342,0.0120566,851.5,316.738,0.4999
201,0.0120553,14.3221,0.0120552,851.737,316.988,0.499013
202,0.0120538,14.3101,0.0120537,851.972,317.239,0.498137
203,0.0120524,14.2982,0.0120523,852.206,317.492,0.497271
204,0.0120509,14.2862,0.0120508,852.437,317.746,0.496417
205,0.0120495,14.2742,0.0120494,852.612,318.002,0.497138
206,0.012048,14.2622,0.012048,852.818,318.258,0.496179
207,0.0120466,14.2503,0.0120465,853.043,318.515,0.495191
208,0.0120451,14.2384,0.012045,853.271,318.774,0.494233
209,0.0120437,14.2265,0.0120436,853.498,319.033,0.493305
210,0.0120422,14.2147,0.0120422,853.722,319.293,0.492404
211,0.0120408,14.2028,0.0120407,853.944,319.554,0.491527
212,0.0120394,14.191,0.0120393,854.164,319.816,0.49067
213,0.0120379,14.1792,0.0120378,854.382,320.08,0.489832
214,0.0120365,14.1675,0.0120364,854.598,320.344,0.489013
215,0.012035,14.1557,0.0120349,854.811,320.609,0.488211
216,0.0120336,14.144,0.0120335,855.023,320.875,0.487425
217,0.0120322,14.1323,0.0120321,855.233,321.141,0.486655
218,0.0120307,14.1206,0.0120306,855.442,321.409,0.4859
219,0.0120293,14.1089,0.0120292,855.648,321.677,0.485159
220,0.0120279,14.0973,0.0120278,855.853,321.947,0.484431
221,0.0120264,14.0857,0.0120263,856.057,322.217,0.483718
222,0.012025,14.074,0.0120249,856.259,322.487,0.483018
223,0.0120236,14.0624,0.0120235,856.459,322.759,0.48233
224,0.0120221,14.0509,0.012022,856.658,323.031,0.481654
225,0.0120207,14.0393,0.0120206,856.855,323.304,0.480991
226,0.0120193,14.0278,0.0120192,857.05,323.578,0.48034
227,0.0120178,14.0163,0.0120178,857.245,323.852,0.479701
228,0.0120164,14.0047,0.0120163,857.438,324.127,0.479073
229,0.012015,13.9933,0.0120149,857.629,324.402,0.478457
230,0.0120135,13.9818,0.0120135,857.819,324.678,0.477851
231,0.0120121,13.9703,0.012012,858.008,324.955,0.477257
232,0.0120107,13.9589,0.0120106,858.195,325.232,0.476674
233,0.0120093,13.9474,0.0120092,858.381,325.509,0.476102
234,0.0120078,13.936,0.0120077,858.566,325.787,0.47554
235,0.0120064,13.9246,0.0120063,858.749,326.065,0.474988
236,0.012005,13.9133,0.0120049,858.931,326.344,0.474447
237,0.0120035,13.9019,0.0120034,859.112,326.624,0.473916
238,0.0120021,13.8905,0.012002,859.292,326.903,0.473396
239,0.0120006,13.8792,0.0120006,859.47,327.183,0.472885
240,0.0119992,13.8679,0.0119991,859.647,327.464,0.472384
241,0.0119978,13.8565,0.0119977,859.823,327.744,0.471892
242,0.0119963,13.8452,0.0119962,859.997,328.025,0.471411
243,0.0119949,13.8339,0.0119948,860.171,328.306,0.470939
244,0.0119935,13.8226,0.0119934,860.343,328.587,0.470477
245,0.011992,13.8114,0.0119919,860.514,328.869,0.470024
246,0.0119906,13.8001,0.0119905,860.684,329.151,0.469579
247,0.0119891,13.7889,0.011989,860.853,329.433,0.469144
248,0.0119877,13.7777,0.0119876,861.021,329.715,0.468718
249,0.0119863,13.7664,0.0119862,861.188,329.997,0.468301
250,0.0119848,13.7552,0.0119847,861.353,330.279,0.467893
251,0.0119834,13.744,0.0119833,861.518,330.561,0.467493
252,0.0119819,13.7329,0.0119818,861.681,330.844,0.467102
253,0.0119805,13.7217,0.0119804,861.844,331.126,0.466719
254,0.011979,13.7105,0.0119789,862.005,331.408,0.466345
255,0.0119776,13.6994,0.0119775,862.166,331.69,0.465979
256,0.0119761,13.6882,0.011976,862.325,331.973,0.465621
257,0.0119746,13.6771,0.0119746,862.483,332.255,0.465271
258,0.0119732,13.6659,0.0119731,862.641,332.537,0.464928
259,0.0119717,13.6548,0.0119716,862.797,332.819,0.464593
260,0.0119703,13.6437,0.0119702,862.952,333.1,0.464266
261,0.0119688,13.6326,0.0119687,863.107,333.382,0.463947
262,0.0119673,13.6215,0.0119672,863.26,333.663,0.463634
263,0.0119659,13.6105,0.0119658,863.413,333.944,0.463328
264,0.0119644,13.5994,0.0119643,863.564,334.225,0.463029
265,0.0119629,13.5883,0.0119628,863.715,334.505,0.462738
266,0.0119615,13.5773,0.0119614,863.865,334.786,0.462453
267,0.01196,13.5662,0.0119599,864.013,335.066,0.462175
268,0.0119585,13.5552,0.0119584,864.161,335.345,0.461903
269,0.011957,13.5441,0.0119569,864.308,335.624,0.461637
270,0.0119556,13.5331,0.0119555,864.455,335.903,0.461376
271,0.0119541,13.5221,0.011954,864.6,336.182,0.461123
272,0.0119526,13.5111,0.0119525,864.744,336.46,0.460875
273,0.0119511,13.5001,0.011951,864.888,336.737,0.460632
274,0.0119496,13.489,0.0119495,864.984,337.017,0.461755
275,0.0119481,13.478,0.011948,865.118,337.294,0.461352
276,0.0119466,13.467,0.0119465,865.253,337.57,0.460999
277,0.0119451,13.456,0.011945,865.392,337.846,0.460682
278,0.0119436,13.445,0.0119435,865.533,338.121,0.460386
279,0.0119421,13.434,0.011942,865.674,338.395,0.460104
280,0.0119406,13.4231,0.0119405,865.814,338.669,0.459832
281,0.0119391,13.4121,0.011939,865.954,338.943,0.45957
282,0.0119376,13.4011,0.0119375,866.092,339.215,0.459316
283,0.0119361,13.3902,0.011936,866.229,339.487,0.459069
284,0.0119346,13.3793,0.0119345,866.365,339.759,0.458829
285,0.0119331,13.3683,0.011933,866.501,340.03,0.458595
286,0.0119316,13.3574,0.0119315,866.635,340.3,0.458366
287,0.01193,13.3465,0.0119299,866.769,340.569,0.458144
288,0.0119285,13.3355,0.0119284,866.902,340.838,0.457925
289,0.011927,13.3246,0.0119269,867.034,341.106,0.457711
290,0.0119255,13.3137,0.0119254,867.165,341.373,0.457501
291,0.011924,13.3028,0.0119239,867.295,341.639,0.457294
292,0.0119224,13.2919,0.0119223,867.425,341.905,0.457092
293,0.0119209,13.2811,0.0119208,867.554,342.17,0.456892
294,0.0119194,13.2702,0.0119193,867.682,342.434,0.456694
295,0.0119178,13.2593,0.0119177,867.809,342.698,0.456498
296,0.0119163,13.2484,0.0119162,867.936,342.961,0.456304
297,0.0119148,13.2376,0.0119147,868.062,343.223,0.456112
298,0.0119132,13.2267,0.0119131,868.188,343.484,0.455922
299,0.0119117,13.2159,0.0119116,868.312,343.744,0.455732
300,0.0119101,13.205,0.01191,868.436,344.004,0.455543
301,0.0119086,13.1942,0.0119085,868.56,344.262,0.455354
302,0.011907,13.1834,0.0119069,868.682,344.52,0.455165
303,0.0119055,13.1725,0.0119054,868.804,344.778,0.454976
304,0.0119039,13.1617,0.0119038,868.926,345.034,0.454787
305,0.0119024,13.1509,0.0119023,869.046,345.289,0.454596
306,0.0119008,13.1401,0.0119007,869.166,345.544,0.454404
307,0.0118993,13.1293,0.0118992,869.286,345.798,0.454211
308,0.0118977,13.1185,0.0118976,869.405,346.052,0.454016
309,0.0118962,13.1077,0.0118961,869.523,346.304,0.45382
310,0.0118946,13.0969,0.0118945,869.641,346.556,0.453621
311,0.011893,13.0861,0.0118929,869.758,346.807,0.45342
312,0.0118915,13.0754,0.0118914,869.874,347.057,0.453216
313,0.0118899,13.0646,0.0118898,869.99,347.306,0.453008
314,0.0118883,13.0538,0.0118882,870.106,347.555,0.452798
315,0.0118868,13.0431,0.0118867,870.22,347.803,0.452584
316,0.0118852,13.0323,0.0118851,870.335,348.05,0.452367
317,0.0118836,13.0216,0.0118836,870.448,348.297,0.452145
318,0.0118821,13.0109,0.011882,870.561,348.543,0.451919
319,0.0118805,13.0001,0.0118804,870.674,348.788,0.451688
320,0.0118789,12.9894,0.0118788,870.786,349.033,0.451453
321,0.0118774,12.9787,0.0118773,870.897,349.277,0.451214
322,0.0118758,12.968,0.0118757,871.008,349.52,0.450969
323,0.0118742,12.9573,0.0118741,871.119,349.763,0.450718
324,0.0118727,12.9466,0.0118726,871.228,350.005,0.450462
325,0.0118711,12.9359,0.011871,871.338,350.247,0.4502
326,0.0118695,12.9252,0.0118694,871.447,350.488,0.449932
327,0.011868,12.9146,0.0118679,871.555,350.729,0.449658
328,0.0118664,12.9039,0.0118663,871.663,350.969,0.449378
329,0.0118648,12.8933,0.0118647,871.77,351.209,0.449091
330,0.0118632,12.8826,0.0118631,871.877,351.448,0.448797
331,0.0118617,12.872,0.0118616,871.983,351.687,0.448497
332,0.0118601,12.8614,0.01186,872.089,351.926,0.448189
333,0.0118585,12.8507,0.0118584,872.195,352.164,0.447875
334,0.011857,12.8401,0.0118569,872.299,352.402,0.447552
335,0.0118554,12.8295,0.0118553,872.404,352.64,0.447222
336,0.0118538,12.819,0.0118538,872.508,352.878,0.446885
337,0.0118523,12.8084,0.0118522,872.611,353.115,0.446539
338,0.0118507,12.7978,0.0118506,872.714,353.352,0.446186
339,0.0118492,12.7872,0.0118491,872.774,353.593,0.446945
340,0.0118476,12.7766,0.0118475,872.873,353.831,0.446381
341,0.0118461,12.766,0.011846,872.97,354.068,0.445908
342,0.0118445,12.7555,0.0118444,873.07,354.305,0.445462
343,0.0118429,12.7449,0.0118428,873.171,354.542,0.44502
344,0.0118414,12.7344,0.0118413,873.272,354.779,0.444576
345,0.0118398,12.7239,0.0118397,873.373,355.017,0.444125
346,0.0118383,12.7134,0.0118382,873.474,355.254,0.443668
347,0.0118368,12.7029,0.0118367,873.575,355.492,0.443204
348,0.0118352,12.6924,0.0118351,873.674,355.729,0.442732
349,0.0118337,12.682,0.0118336,873.774,355.967,0.442253
350,0.0118321,12.6715,0.011832,873.873,356.206,0.441765
351,0.0118306,12.6611,0.0118305,873.971,356.445,0.441268
352,0.0118291,12.6507,0.011829,874.069,356.684,0.440764
353,0.0118276,12.6402,0.0118275,874.167,356.924,0.440251
354,0.011826,12.6299,0.0118259,874.263,357.164,0.439729
355,0.0118245,12.6195,0.0118244,874.36,357.405,0.439199
356,0.011823,12.6091,0.0118229,874.456,357.646,0.438659
357,0.0118215,12.5987,0.0118214,874.552,357.888,0.43811
358,0.01182,12.5884,0.0118199,874.647,358.131,0.437551
359,0.0118185,12.5781,0.0118184,874.741,358.375,0.436984
360,0.011817,12.5678,0.0118169,874.836,358.619,0.436407
361,0.0118155,12.5575,0.0118154,874.93,358.864,0.43582
362,0.011814,12.5472,0.0118139,875.023,359.111,0.435223
363,0.0118125,12.5369,0.0118125,875.116,359.358,0.434616
364,0.0118111,12.5266,0.011811,875.209,359.607,0.433999
365,0.0118096,12.5164,0.0118095,875.301,359.856,0.433372
366,0.0118081,12.5062,0.011808,875.393,360.107,0.432735
367,0.0118067,12.496,0.0118066,875.485,360.359,0.432087
368,0.0118052,12.4858,0.0118051,875.576,360.612,0.431428
369,0.0118038,12.4756,0.0118037,875.667,360.867,0.430759
370,0.0118023,12.4655,0.0118022,875.757,361.123,0.430079
371,0.0118009,12.4553,0.0118008,875.847,361.381,0.429388
372,0.0117995,12.4452,0.0117994,875.937,361.64,0.428685
373,0.011798,12.4351,0.0117979,876.027,361.901,0.427971
374,0.0117966,12.4251,0.0117965,876.116,362.163,0.427246
375,0.0117952,12.415,0.0117951,876.204,362.428,0.426509
376,0.0117938,12.4049,0.0117937,876.293,362.694,0.425761
377,0.0117924,12.3949,0.0117923,876.381,362.962,0.425
378,0.011791,12.3849,0.0117909,876.469,363.232,0.424227
379,0.0117896,12.3749,0.0117896,876.556,363.504,0.423442
380,0.0117883,12.365,0.0117882,876.643,363.779,0.422644
381,0.0117869,12.355,0.0117868,876.73,364.055,0.421833
382,0.0117855,12.3451,0.0117855,876.816,364.334,0.42101
383,0.0117842,12.3352,0.0117841,876.902,364.616,0.420172
384,0.0117829,12.3253,0.0117828,876.988,364.899,0.419322
385,0.0117815,12.3154,0.0117814,877.073,365.186,0.418457
386,0.0117802,12.3056,0.0117801,877.159,365.475,0.41758
387,0.0117789,12.2958,0.0117788,877.243,365.766,0.416688
388,0.0117776,12.286,0.0117775,877.328,366.061,0.415781
389,0.0117763,12.2762,0.0117762,877.412,366.358,0.414859
390,0.011775,12.2665,0.0117749,877.496,366.658,0.413922
391,0.0117737,12.2567,0.0117736,877.58,366.962,0.412971
392,0.0117724,12.247,0.0117724,877.663,367.269,0.412003
393,0.0117712,12.2373,0.0117711,877.746,367.579,0.41102
394,0.0117699,12.2277,0.0117699,877.829,367.892,0.410019
395,0.0117687,12.2181,0.0117686,877.911,368.209,0.409003
396,0.0117675,12.2085,0.0117674,877.994,368.529,0.407969
397,0.0117663,12.1989,0.0117662,878.076,368.854,0.406917
398,0.011765,12.1893,0.011765,878.157,369.182,0.405849
399,0.0117639,12.1798,0.0117638,878.239,369.514,0.404761
400,0.0117627,12.1703,0.0117626,878.32,369.85,0.403655
401,0.0117615,12.1608,0.0117614,878.401,370.19,0.40253
402,0.0117603,12.1514,0.0117603,878.481,370.535,0.401385
403,0.0117592,12.1419,0.0117591,878.561,370.884,0.40022
404,0.0117581,12.1326,0.011758,878.641,371.237,0.399035
405,0.0117569,12.1232,0.0117569,878.721,371.596,0.397829
406,0.0117558,12.1139,0.0117558,878.801,371.959,0.396601
407,0.0117547,12.1046,0.0117547,878.88,372.327,0.395352
408,0.0117537,12.0953,0.0117536,878.959,372.701,0.39408
409,0.0117526,12.086,0.0117525,879.038,373.079,0.392785
410,0.0117515,12.0768,0.0117515,879.116,373.464,0.391467
411,0.0117505,12.0677,0.0117504,879.195,373.854,0.390125
412,0.0117495,12.0585,0.0117494,879.238,374.254,0.389659
413,0.0117485,12.0493,0.0117484,879.315,374.657,0.388059
414,0.0117475,12.0402,0.0117474,879.389,375.065,0.386566
415,0.0117465,12.0312,0.0117465,879.464,375.479,0.385086
416,0.0117456,12.0222,0.0117455,879.54,375.9,0.383592
417,0.0117446,12.0132,0.0117446,879.617,376.327,0.382075
418,0.0117437,12.0042,0.0117436,879.694,376.761,0.380532
419,0.0117428,11.9953,0.0117427,879.771,377.202,0.378961
420,0.0117419,11.9864,0.0117418,879.847,377.651,0.377363
421,0.011741,11.9776,0.011741,879.924,378.107,0.375737
422,0.0117401,11.9688,0.0117401,880.001,378.57,0.374081
423,0.0117393,11.9601,0.0117393,880.077,379.042,0.372398
424,0.0117385,11.9513,0.0117384,880.153,379.521,0.370685
425,0.0117377,11.9427,0.0117376,880.229,380.009,0.368943
426,0.0117369,11.934,0.0117369,880.305,380.505,0.367171
427,0.0117362,11.9254,0.0117361,880.38,381.01,0.365372
428,0.0117354,11.9169,0.0117354,880.455,381.524,0.363544
429,0.0117347,11.9084,0.0117347,880.53,382.047,0.361687
430,0.011734,11.8999,0.011734,880.604,382.58,0.359803
431,0.0117333,11.8915,0.0117333,880.679,383.122,0.357892
432,0.0117327,11.8831,0.0117326,880.753,383.673,0.355955
433,0.011732,11.8748,0.011732,880.827,384.235,0.353994
434,0.0117314,11.8665,0.0117314,880.901,384.806,0.352009
435,0.0117308,11.8583,0.0117308,880.974,385.388,0.350003
436,0.0117303,11.8501,0.0117302,881.048,385.98,0.347977
437,0.0117297,11.842,0.0117297,881.121,386.583,0.345934
438,0.0117292,11.8339,0.0117292,881.194,387.196,0.343877
439,0.0117287,11.8259,0.0117287,881.266,387.82,0.341809
440,0.0117283,11.8179,0.0117282,881.339,388.455,0.339733
441,0.0117278,11.81,0.0117278,881.411,389.1,0.337654
442,0.0117274,11.8021,0.0117274,881.484,389.756,0.335576
443,0.011727,11.7942,0.011727,881.556,390.423,0.333504
444,0.0117266,11.7864,0.0117266,881.627,391.1,0.331443
445,0.0117263,11.7787,0.0117262,881.699,391.788,0.3294
446,0.0117259,11.771,0.0117259,881.771,392.486,0.327381
447,0.0117256,11.7634,0.0117256,881.842,393.193,0.325392
448,0.0117253,11.7557,0.0117253,881.913,393.91,0.323442
449,0.0117251,11.7482,0.0117251,881.984,394.636,0.321537
450,0.0117248,11.7407,0.0117248,882.055,395.371,0.319685
451,0.0117246,11.7332,0.0117246,882.126,396.113,0.317894
452,0.0117244,11.7258,0.0117244,882.196,396.864,0.316172
453,0.0117242,11.7184,0.0117242,882.267,397.62,0.314527
454,0.0117241,11.711,0.0117241,882.337,398.383,0.312964
455,0.0117239,11.7037,0.0117239,882.407,399.152,0.311492
456,0.0117238,11.6965,0.0117238,882.477,399.924,0.310114
457,0.0117237,11.6892,0.0117237,882.546,400.7,0.308838
458,0.0117236,11.682,0.0117236,882.616,401.479,0.307664
459,0.0117235,11.6748,0.0117235,882.685,402.26,0.306597
460,0.0117235,11.6676,0.0117235,882.755,403.042,0.305637
461,0.0117234,11.6605,0.0117234,882.824,403.823,0.304783
462,0.0117234,11.6533,0.0117234,882.893,404.604,0.304033
463,0.0117233,11.6462,0.0117233,882.962,405.384,0.303384
464,0.0117233,11.6391,0.0117233,883.03,406.161,0.302831
465,0.0117233,11.632,0.0117233,883.099,406.936,0.302367
466,0.0117232,11.6249,0.0117232,883.167,407.708,0.301987
467,0.0117232,11.6179,0.0117232,883.236,408.476,0.301682
468,0.0117232,11.6108,0.0117232,883.304,409.24,0.301445
469,0.0117232,11.6037,0.0117232,883.372,409.999,0.301267
470,0.0117232,11.5967,0.0117232,883.44,410.755,0.301142
471,0.0117232,11.5896,0.0117232,883.507,411.506,0.301061
472,0.0117232,11.5826,0.0117232,883.575,412.252,0.301018
473,0.0117232,11.5755,0.0117232,883.642,412.994,0.301007
474,0.0117232,11.5685,0.0117232,883.71,413.732,0.301022
475,0.0117232,11.5614,0.0117232,883.777,414.465,0.301059
476,0.0117232,11.5544,0.0117232,883.844,415.195,0.301114
477,0.0117232,11.5473,0.0117232,883.911,415.92,0.301184
478,0.0117232,11.5402,0.0117232,883.978,416.642,0.301266
479,0.0117232,11.5332,0.0117232,884.045,417.36,0.301359
480,0.0117232,11.5261,0.0117232,884.111,418.075,0.301461
481,0.0117232,11.5191,0.0117232,884.178,418.786,0.301571
482,0.0117232,11.512,0.0117232,884.244,419.494,0.301688
483,0.0117232,11.5049,0.0117232,884.31,420.2,0.301812
484,0.0117232,11.4979,0.0117232,884.376,420.902,0.301944
485,0.0117232,11.4908,0.0117232,884.442,421.601,0.302081
486,0.0117232,11.4837,0.0117232,884.508,422.298,0.302225
487,0.0117232,11.4766,0.0117232,884.574,422.993,0.302376
488,0.0117232,11.4695,0.0117232,884.64,423.685,0.302533
489,0.0117232,11.4624,0.0117232,884.705,424.374,0.302697
490,0.0117232,11.4553,0.0117232,884.771,425.061,0.302867
491,0.0117232,11.4482,0.0117232,884.836,425.746,0.303044
492,0.0117232,11.4411,0.0117232,884.902,426.429,0.303228
493,0.0117232,11.434,0.0117232,884.967,427.109,0.303418
494,0.0117232,11.4269,0.0117232,885.032,427.788,0.303615
495,0.0117232,11.4198,0.0117232,885.097,428.465,0.30382
496,0.0117232,11.4127,0.0117232,885.163,429.139,0.304031
497,0.0117232,11.4056,0.0117232,885.228,429.812,0.304249
498,0.0117232,11.3984,0.0117232,885.292,430.483,0.304474
499,0.0117232,11.3913,0.0117232,885.357,431.152,0.304706
500,0.0117232,11.3842,0.0117232,885.422,431.819,0.304945
501,0.0117232,11.377,0.0117232,885.487,432.485,0.305192
502,0.0117232,11.3699,0.0117232,885.551,433.148,0.305446
503,0.0117232,11.3627,0.0117232,885.616,433.811,0.305707
504,0.0117232,11.3555,0.0117232,885.68,434.471,0.305975
505,0.0117232,11.3484,0.0117232,885.745,435.13,0.306251
506,0.0117232,11.3412,0.0117232,885.809,435.787,0.306534
507,0.0117232,11.334,0.0117232,885.874,436.443,0.306824
508,0.0117232,11.3268,0.0117232,885.938,437.098,0.307122
509,0.0117232,11.3196,0.0117232,886.002,437.75,0.307427
510,0.0117232,11.3124,0.0117232,886.066,438.402,0.30774
511,0.0117232,11.3052,0.0117232,886.131,439.052,0.30806
512,0.0117232,11.298,0.0117232,886.195,439.7,0.308388
513,0.0117232,11.2907,0.0117232,886.259,440.347,0.308723
514,0.0117232,11.2835,0.0117232,886.323,440.993,0.309065
515,0.0117232,11.2762,0.0117232,886.387,441.637,0.309415
516,0.0117232,11.269,0.0117232,886.451,442.28,0.309773
517,0.0117232,11.2617,0.0117232,886.515,442.922,0.310138
518,0.0117232,11.2545,0.0117232,886.578,443.563,0.31051
519,0.0117232,11.2472,0.0117232,886.642,444.202,0.31089
520,0.0117232,11.2399,0.0117232,886.706,444.84,0.311277
521,0.0117232,11.2326,0.0117232,886.77,445.476,0.311672
522,0.0117232,11.2253,0.0117232,886.833,446.112,0.312074
523,0.0117232,11.218,0.0117232,886.897,446.746,0.312483
524,0.0117232,11.2107,0.0117232,886.961,447.379,0.3129
525,0.0117232,11.2033,0.0117232,887.024,448.011,0.313324
526,0.0117232,11.196,0.0117232,887.088,448.641,0.313756
527,0.0117232,11.1886,0.0117232,887.152,449.271,0.314195
528,0.0117232,11.1812,0.0117232,887.215,449.899,0.314641
529,0.0117232,11.1739,0.0117232,887.279,450.526,0.315095
530,0.0117232,11.1665,0.0117232,887.342,451.153,0.315555
531,0.0117232,11.1591,0.0117232,887.406,451.778,0.316023
532,0.0117232,11.1517,0.0117232,887.469,452.401,0.316499
533,0.0117232,11.1443,0.0117232,887.532,453.024,0.316981
534,0.0117232,11.1368,0.0117232,887.596,453.646,0.317471
535,0.0117232,11.1294,0.0117232,887.659,454.267,0.317967
536,0.0117232,11.1219,0.0117232,887.722,454.886,0.318471
537,0.0117232,11.1144,0.0117232,887.786,455.505,0.318982
538,0.0117232,11.107,0.0117232,887.849,456.123,0.3195
539,0.0117232,11.0995,0.0117232,887.912,456.739,0.320025
540,0.0117232,11.092,0.0117232,887.975,457.355,0.320557
541,0.0117232,11.0845,0.0117232,888.039,457.969,0.321096
542,0.0117232,11.0769,0.0117232,888.102,458.583,0.321642
543,0.0117232,11.0694,0.0117232,888.165,459.195,0.322195
544,0.0117232,11.0618,0.0117232,888.228,459.807,0.322754
545,0.0117232,11.0543,0.0117232,888.291,460.418,0.323321
546,0.0117232,11.0467,0.0117232,888.354,461.027,0.323894
547,0.0117232,11.0391,0.0117232,888.417,461.636,0.324474
548,0.0117232,11.0315,0.0117232,888.48,462.244,0.325061
549,0.0117232,11.0239,0.0117232,888.543,462.851,0.325654
550,0.0117232,11.0162,0.0117232,888.606,463.457,0.326255
551,0.0117232,11.0086,0.0117232,888.669,464.062,0.326862
552,0.0117232,11.0009,0.0117232,888.732,464.666,0.327475
553,0.0117232,10.9932,0.0117232,888.795,465.269,0.328095
554,0.0117232,10.9855,0.0117232,888.858,465.871,0.328722
555,0.0117232,10.9778,0.0117232,888.921,466.473,0.329355
556,0.0117232,10.9701,0.0117232,888.983,467.073,0.329995
557,0.0117232,10.9624,0.0117232,889.046,467.673,0.330641
558,0.0117232,10.9546,0.0117232,889.109,468.271,0.331294
559,0.0117232,10.9468,0.0117232,889.172,468.869,0.331953
560,0.0117232,10.939,0.0117232,889.234,469.466,0.332619
561,0.0117232,10.9312,0.0117232,889.297,470.062,0.333291
562,0.0117232,10.9234,0.0117232,889.36,470.658,0.333969
563,0.0117232,10.9156,0.0117232,889.422,471.252,0.334654
564,0.0117232,10.9077,0.0117232,889.485,471.846,0.335345
565,0.0117232,10.8999,0.0117232,889.547,472.439,0.336042
566,0.0117232,10.892,0.0117232,889.61,473.031,0.336746
567,0.0117232,10.8841,0.0117232,889.672,473.622,0.337455
568,0.0117232,10.8762,0.0117232,889.735,474.212,0.338171
569,0.0117232,10.8683,0.0117232,889.797,474.802,0.338894
570,0.0117232,10.8603,0.0117232,889.86,475.39,0.339622
571,0.0117232,10.8523,0.0117232,889.922,475.978,0.340356
572,0.0117232,10.8444,0.0117232,889.985,476.565,0.341097
573,0.0117232,10.8364,0.0117232,890.047,477.152,0.341844
574,0.0117232,10.8283,0.0117232,890.109,477.737,0.342597
575,0.0117232,10.8203,0.0117232,890.171,478.322,0.343355
576,0.0117232,10.8123,0.0117232,890.234,478.906,0.34412
577,0.0117232,10.8042,0.0117232,890.296,479.489,0.344891
578,0.0117232,10.7961,0.0117232,890.358,480.072,0.345668
579,0.0117232,10.788,0.0117232,890.42,480.653,0.346451
580,0.0117232,10.7799,0.0117232,890.482,481.234,0.34724
581,0.0117232,10.7717,0.0117232,890.544,481.814,0.348035
582,0.0117232,10.7635,0.0117232,890.607,482.394,0.348836
583,0.0117232,10.7554,0.0117232,890.669,482.973,0.349643
584,0.0117232,10.7472,0.0117232,890.731,483.55,0.350456
585,0.0117232,10.7389,0.0117232,890.792,484.128,0.351275
586,0.0117232,10.7307,0.0117232,890.854,484.704,0.3521
587,0.0117232,10.7225,0.0117232,890.916,485.28,0.35293
588,0.0117232,10.7142,0.0117232,890.978,485.855,0.353767
589,0.0117232,10.7059,0.0117232,891.04,486.429,0.354609
590,0.0117232,10.6976,0.0117232,891.102,487.003,0.355457
591,0.0117232,10.6892,0.0117232,891.164,487.576,0.356311
592,0.0117232,10.6809,0.0117232,891.225,488.148,0.357171
593,0.0117232,10.6725,0.0117232,891.287,488.719,0.358037
594,0.0117232,10.6641,0.0117232,891.349,489.29,0.358909
595,0.0117232,10.6557,0.0117232,891.41,489.86,0.359787
596,0.0117232,10.6472,0.0117232,891.472,490.43,0.36067
597,0.0117232,10.6388,0.0117232,891.533,490.998,0.361559
598,0.0117232,10.6303,0.0117232,891.595,491.566,0.362454
599,0.0117232,10.6218,0.0117232,891.656,492.134,0.363355
600,0.0117232,10.6133,0.0117232,891.718,492.7,0.364262
601,0.0117232,10.6047,0.0117232,891.779,493.266,0.365175
602,0.0117232,10.5961,0.0117232,891.84,493.831,0.366093
603,0.0117232,10.5876,0.0117232,891.902,494.396,0.367017
604,0.0117232,10.5789,0.0117232,891.963,494.96,0.367947
605,0.0117232,10.5703,0.0117232,892.024,495.523,0.368883
606,0.0117232,10.5617,0.0117232,892.085,496.086,0.369825
607,0.0117232,10.553,0.0117232,892.147,496.648,0.370773
608,0.0117232,10.5443,0.0117232,892.208,497.209,0.371726
609,0.0117232,10.5356,0.0117232,892.269,497.77,0.372686
610,0.0117232,10.5268,0.0117232,892.33,498.33,0.373651
611,0.0117232,10.5181,0.0117232,892.391,498.889,0.374623
612,0.0117232,10.5093,0.0117232,892.452,499.448,0.3756
613,0.0117232,10.5005,0.0117232,892.513,500.006,0.376583
614,0.0117232,10.4916,0.0117232,892.574,500.564,0.377571
615,0.0117232,10.4828,0.0117232,892.634,501.121,0.378566
616,0.0117232,10.4739,0.0117232,892.695,501.677,0.379567
617,0.0117232,10.465,0.0117232,892.756,502.232,0.380574
618,0.0117232,10.4561,0.0117232,892.817,502.787,0.381586
619,0.0117232,10.4471,0.0117232,892.877,503.342,0.382605
620,0.0117232,10.4381,0.0117232,892.938,503.896,0.38363
621,0.0117232,10.4291,0.0117232,892.999,504.449,0.38466
622,0.0117232,10.4201,0.0117232,893.059,505.001,0.385697
623,0.0117232,10.4111,0.0117232,893.12,505.553,0.386739
624,0.0117232,10.402,0.0117232,893.18,506.105,0.387788
625,0.0117232,10.3929,0.0117232,893.241,506.655,0.388843
626,0.0117232,10.3838,0.0117232,893.301,507.206,0.389904
627,0.0117232,10.3746,0.0117232,893.361,507.755,0.390971
628,0.0117232,10.3654,0.0117232,893.422,508.304,0.392044
629,0.0117232,10.3562,0.0117232,893.482,508.853,0.393123
630,0.0117232,10.347,0.0117232,893.542,509.4,0.394209
631,0.0117232,10.3378,0.0117232,893.602,509.948,0.3953
632,0.0117232,10.3285,0.0117232,893.662,510.494,0.396398
633,0.0117232,10.3192,0.0117232,893.722,511.04,0.397502
634,0.0117232,10.3099,0.0117232,893.782,511.586,0.398613
635,0.0117232,10.3005,0.0117232,893.842,512.131,0.399729
636,0.0117232,10.2911,0.0117232,893.902,512.675,0.400852
637,0.0117232,10.2817,0.0117232,893.962,513.219,0.401982
638,0.0117232,10.2723,0.0117232,894.022,513.762,0.403117
639,0.0117232,10.2629,0.0117232,894.082,514.305,0.404259
640,0.0117232,10.2534,0.0117232,894.142,514.847,0.405408
641,0.0117232,10.2439,0.0117232,894.202,515.389,0.406563
642,0.0117232,10.2343,0.0117232,894.261,515.93,0.407725
643,0.0117232,10.2247,0.0117232,894.321,516.47,0.408893
644,0.0117232,10.2152,0.0117232,894.381,517.01,0.410068
645,0.0117232,10.2055,0.0117232,894.44,517.55,0.411249
646,0.0117232,10.1959,0.0117232,894.5,518.088,0.412437
647,0.0117232,10.1862,0.0117232,894.559,518.627,0.413631
648,0.0117232,10.1765,0.0117232,894.619,519.165,0.414833
649,0.0117232,10.1668,0.0117232,894.678,519.702,0.416041
650,0.0117232,10.157,0.0117232,894.737,520.239,0.417256
651,0.0117232,10.1472,0.0117232,894.797,520.775,0.418477
652,0.0117232,10.1374,0.0117232,894.856,521.311,0.419706
653,0.0117232,10.1276,0.0117232,894.915,521.846,0.420941
654,0.0117232,10.1177,0.0117232,894.974,522.381,0.422184
655,0.0117232,10.1078,0.0117232,895.033,522.915,0.423433
656,0.0117232,10.0978,0.0117232,895.093,523.448,0.42469
657,0.0117232,10.0879,0.0117232,895.152,523.982,0.425953
658,0.0117232,10.0779,0.0117232,895.211,524.514,0.427224
659,0.0117232,10.0679,0.0117232,895.27,525.046,0.428501
660,0.0117232,10.0578,0.0117232,895.328,525.578,0.429786
661,0.0117232,10.0477,0.0117232,895.387,526.109,0.431079
662,0.0117232,10.0376,0.0117232,895.446,526.64,0.432378
663,0.0117232,10.0275,0.0117232,895.505,527.17,0.433685
664,0.0117232,10.0173,0.0117232,895.564,527.7,0.434999
665,0.0117232,10.0071,0.0117232,895.622,528.229,0.436321
666,0.0117232,9.99684,0.0117232,895.681,528.758,0.437651
667,0.0117232,9.98657,0.0117232,895.74,529.286,0.438987
668,0.0117232,9.97627,0.0117232,895.798,529.814,0.440332
669,0.0117232,9.96594,0.0117232,895.857,530.341,0.441684
670,0.0117232,9.95557,0.0117232,895.915,530.868,0.443044
671,0.0117232,9.94518,0.0117232,895.973,531.394,0.444412
672,0.0117232,9.93475,0.0117232,896.032,531.92,0.445787
673,0.0117232,9.92429,0.0117232,896.09,532.445,0.44717
674,0.0117232,9.9138,0.0117232,896.148,532.97,0.448562
675,0.0117232,9.90327,0.0117232,896.207,533.495,0.449961
676,0.0117232,9.89271,0.0117232,896.265,534.019,0.451368
677,0.0117232,9.88213,0.0117232,896.323,534.542,0.452784
678,0.0117232,9.8715,0.0117232,896.381,535.066,0.454207
679,0.0117232,9.86084,0.0117232,896.439,535.588,0.455639
680,0.0117232,9.85015,0.0117232,896.497,536.11,0.457079
681,0.0117232,9.83943,0.0117232,896.555,536.632,0.458528
682,0.0117232,9.82867,0.0117232,896.613,537.154,0.459985
683,0.0117232,9.81787,0.0117232,896.671,537.675,0.461451
684,0.0117232,9.80704,0.0117232,896.729,538.195,0.462925
685,0.0117232,9.79618,0.0117232,896.787,538.715,0.464407
686,0.0117232,9.78528,0.0117232,896.844,539.235,0.465899
687,0.0117232,9.77435,0.0117232,896.902,539.754,0.467399
688,0.0117232,9.76338,0.0117232,896.96,540.273,0.468908
689,0.0117232,9.75238,0.0117232,897.017,540.791,0.470426
690,0.0117232,9.74134,0.0117232,897.075,541.309,0.471953
691,0.0117232,9.73026,0.0117232,897.132,541.827,0.473488
692,0.0117232,9.71916,0.0117232,897.19,542.344,0.475033
693,0.0117232,9.70801,0.0117232,897.247,542.861,0.476588
694,0.0117232,9.69682,0.0117232,897.305,543.377,0.478151
695,0.0117232,9.68561,0.0117232,897.362,543.893,0.479724
696,0.0117232,9.67435,0.0117232,897.419,544.409,0.481306
697,0.0117232,9.66305,0.0117232,897.477,544.924,0.482898
698,0.0117232,9.65172,0.0117232,897.534,545.439,0.484499
699,0.0117232,9.64035,0.0117232,897.591,545.953,0.48611
700,0.0117232,9.62895,0.0117232,897.648,546.467,0.487731
701,0.0117232,9.6175,0.0117232,897.705,546.981,0.489361
702,0.0117232,9.60602,0.0117232,897.762,547.494,0.491001
703,0.0117232,9.59449,0.0117232,897.819,548.007,0.492652
704,0.0117232,9.58293,0.0117232,897.876,548.519,0.494312
705,0.0117232,9.57133,0.0117232,897.933,549.031,0.495983
706,0.0117232,9.5597,0.0117232,897.99,549.543,0.497663
707,0.0117232,9.54801,0.0117232,898.047,550.054,0.499354
708,0.0117232,9.53629,0.0117232,898.104,550.565,0.501055
709,0.0117232,9.52454,0.0117232,898.161,551.076,0.502767
710,0.0117232,9.51274,0.0117232,898.217,551.586,0.50449
711,0.0117232,9.5009,0.0117232,898.274,552.096,0.506223
712,0.0117232,9.48902,0.0117232,898.331,552.606,0.507966
713,0.0117232,9.4771,0.0117232,898.387,553.115,0.509721
714,0.0117232,9.46514,0.0117232,898.444,553.624,0.511486
715,0.0117232,9.45313,0.0117232,898.5,554.133,0.513263
716,0.0117232,9.44109,0.0117232,898.557,554.641,0.51505
717,0.0117232,9.429,0.0117232,898.613,555.149,0.516849
718,0.0117232,9.41687,0.0117232,898.669,555.657,0.518659
719,0.0117232,9.4047,0.0117232,898.726,556.164,0.52048
720,0.0117232,9.39248,0.0117232,898.782,556.671,0.522313
721,0.0117232,9.38022,0.0117232,898.838,557.178,0.524157
722,0.0117232,9.36792,0.0117232,898.894,557.684,0.526013
723,0.0117232,9.35558,0.0117232,898.951,558.19,0.527881
724,0.0117232,9.34319,0.0117232,899.007,558.696,0.52976
725,0.0117232,9.33076,0.0117232,899.063,559.201,0.531652
726,0.0117232,9.31828,0.0117232,899.119,559.706,0.533555
727,0.0117232,9.30576,0.0117232,899.175,560.211,0.535471
728,0.0117232,9.29319,0.0117232,899.231,560.716,0.537399
729,0.0117232,9.28058,0.0117232,899.287,561.22,0.539339
730,0.0117232,9.26792,0.0117232,899.343,561.724,0.541291
731,0.0117232,9.25522,0.0117232,899.398,562.227,0.543256
732,0.0117232,9.24246,0.0117232,899.454,562.731,0.545234
733,0.0117232,9.22967,0.0117232,899.51,563.234,0.547225
734,0.0117232,9.21682,0.0117232,899.566,563.737,0.549228
735,0.0117232,9.20394,0.0117232,899.621,564.24,0.551244
736,0.0117232,9.191,0.0117232,899.677,564.742,0.553273
737,0.0117232,9.17801,0.0117232,899.733,565.244,0.555316
738,0.0117232,9.16498,0.0117232,899.788,565.746,0.557372
739,0.0117232,9.1519,0.0117232,899.844,566.247,0.559441
740,0.0117232,9.13877,0.0117232,899.899,566.749,0.561523
741,0.0117232,9.12559,0.0117232,899.955,567.25,0.563619
742,0.0117232,9.11236,0.0117232,900.01,567.751,0.565729
743,0.0117232,9.09908,0.0117232,900.065,568.251,0.567852
744,0.0117232,9.08575,0.0117232,900.121,568.752,0.56999
745,0.0117232,9.07237,0.0117232,900.176,569.252,0.572141
746,0.0117232,9.05894,0.0117232,900.231,569.752,0.574307
747,0.0117232,9.04546,0.0117232,900.286,570.252,0.576487
748,0.0117232,9.03193,0.0117232,900.342,570.751,0.578681
749,0.0117232,9.01835,0.0117232,900.397,571.251,0.580889
750,0.0117232,9.00472,0.0117232,900.452,571.75,0.583112
751,0.0117232,8.99103,0.0117232,900.507,572.249,0.58535
752,0.0117232,8.97729,0.0117232,900.562,572.748,0.587603
753,0.0117232,8.9635,0.0117232,900.617,573.246,0.58987
754,0.0117232,8.94965,0.0117232,900.672,573.744,0.592153
755,0.0117232,8.93575,0.0117232,900.727,574.243,0.59445
756,0.0117232,8.9218,0.0117232,900.782,574.741,0.596763
757,0.0117232,8.90779,0.0117232,900.836,575.239,0.599091
758,0.0117232,8.89373,0.0117232,900.891,575.736,0.601434
759,0.0117232,8.87961,0.0117232,900.946,576.234,0.603794
760,0.0117232,8.86544,0.0117232,901.001,576.731,0.606168
761,0.0117232,8.85121,0.0117232,901.055,577.229,0.608559
762,0.0117232,8.83693,0.0117232,901.11,577.726,0.610966
763,0.0117232,8.82259,0.0117232,901.165,578.223,0.613388
764,0.0117232,8.80819,0.0117232,901.219,578.719,0.615827
765,0.0117232,8.79373,0.0117232,901.274,579.216,0.618282
766,0.0117232,8.77922,0.0117232,901.328,579.713,0.620753
767,0.0117232,8.76465,0.0117232,901.383,580.209,0.623241
768,0.0117232,8.75002,0.0117232,901.437,580.706,0.625745
769,0.0117232,8.73533,0.0117232,901.492,581.202,0.628266
770,0.0117232,8.72058,0.0117232,901.546,581.698,0.630804
771,0.0117232,8.70578,0.0117232,901.601,582.194,0.633359
772,0.0117232,8.69091,0.0117232,901.655,582.69,0.635931
773,0.0117232,8.67598,0.0117232,901.709,583.186,0.63852
774,0.0117232,8.66099,0.0117232,901.763,583.682,0.641127
775,0.0117232,8.64594,0.0117232,901.818,584.178,0.64375
776,0.0117232,8.63083,0.0117232,901.872,584.673,0.646392
777,0.0117232,8.61566,0.0117232,901.926,585.169,0.649051
778,0.0117232,8.60042,0.0117232,901.98,585.664,0.651727
779,0.0117232,8.58512,0.0117232,902.034,586.16,0.654422
780,0.0117232,8.56976,0.0117232,902.088,586.655,0.657134
781,0.0117232,8.55434,0.0117232,902.142,587.151,0.659865
782,0.0117232,8.53885,0.0117232,902.196,587.646,0.662613
783,0.0117232,8.52329,0.0117232,902.25,588.142,0.66538
784,0.0117232,8.50767,0.0117232,902.304,588.637,0.668166
785,0.0117232,8.49198,0.0117232,902.358,589.132,0.670969
786,0.0117232,8.47623,0.0117232,902.412,589.628,0.673792
787,0.0117232,8.46042,0.0117232,902.466,590.123,0.676633
788,0.0117232,8.44453,0.0117232,902.52,590.619,0.679493
789,0.0117232,8.42858,0.0117232,902.573,591.114,0.682372
790,0.0117232,8.41256,0.0117232,902.627,591.61,0.68527
791,0.0117232,8.39648,0.0117232,902.681,592.105,0.688187
792,0.0117232,8.38032,0.0117232,902.735,592.601,0.691124
793,0.0117232,8.36409,0.0117232,902.788,593.096,0.694079
794,0.0117232,8.3478,0.0117232,902.842,593.592,0.697055
795,0.0117232,8.33143,0.0117232,902.895,594.087,0.700049
796,0.0117232,8.315,0.0117232,902.949,594.583,0.703064
797,0.0117232,8.29849,0.0117232,903.003,595.079,0.706098
798,0.0117232,8.28192,0.0117232,903.056,595.575,0.709151
799,0.0117232,8.26527,0.0117232,903.11,596.071,0.712225
800,0.0117232,8.24855,0.0117232,903.163,596.567,0.715319
801,0.0117232,8.23175,0.0117232,903.217,597.063,0.718433
802,0.0117232,8.21489,0.0117232,903.27,597.56,0.721567
803,0.0117232,8.19795,0.0117232,903.323,598.056,0.724722
804,0.0117232,8.18093,0.0117232,903.377,598.553,0.727897
805,0.0117232,8.16384,0.0117232,903.43,599.05,0.731091
806,0.0117232,8.14668,0.0117232,903.483,599.547,0.734307
807,0.0117232,8.12944,0.0117232,903.537,600.044,0.737543
808,0.0117232,8.11213,0.0117232,903.59,600.541,0.740801
809,0.0117232,8.09473,0.0117232,903.643,601.038,0.744078
810,0.0117232,8.07727,0.0117232,903.696,601.536,0.747377
811,0.0117232,8.05972,0.0117232,903.75,602.034,0.750696
812,0.0117232,8.04209,0.0117232,903.803,602.532,0.754036
813,0.0117232,8.02439,0.0117232,903.856,603.03,0.757398
814,0.0117232,8.00661,0.0117232,903.909,603.529,0.76078
815,0.0117232,7.98875,0.0117232,903.962,604.028,0.764184
816,0.0117232,7.97081,0.0117232,904.015,604.527,0.767608
817,0.0117232,7.95278,0.0117232,904.068,605.026,0.771054
818,0.0117232,7.93468,0.0117232,904.121,605.525,0.774522
819,0.0117232,7.9165,0.0117232,904.174,606.025,0.77801
820,0.0117232,7.89823,0.0117232,904.227,606.525,0.78152
821,0.0117232,7.87988,0.0117232,904.28,607.026,0.785051
822,0.0117232,7.86145,0.0117232,904.333,607.526,0.788603
823,0.0117232,7.84293,0.0117232,904.386,608.027,0.792177
824,0.0117232,7.82433,0.0117232,904.439,608.529,0.795773
825,0.0117232,7.80565,0.0117232,904.492,609.03,0.79939
826,0.0117232,7.78688,0.0117232,904.545,609.532,0.803028
827,0.0117232,7.76802,0.0117232,904.598,610.035,0.806688
828,0.0117232,7.74909,0.0117232,904.651,610.538,0.81037
829,0.0117232,7.73006,0.0117232,904.704,611.041,0.814073
830,0.0117232,7.71094,0.0117232,904.756,611.544,0.817797
831,0.0117232,7.69174,0.0117232,904.809,612.049,0.821543
832,0.0117232,7.67245,0.0117232,904.862,612.553,0.82531
833,0.0117232,7.65308,0.0117232,904.915,613.058,0.829099
834,0.0117232,7.63361,0.0117232,904.968,613.563,0.832909
835,0.0117232,7.61406,0.0117232,905.02,614.069,0.836741
836,0.0117232,7.59441,0.0117232,905.073,614.575,0.840594
837,0.0117232,7.57467,0.0117232,905.126,615.082,0.844468
838,0.0117232,7.55484,0.0117232,905.178,615.59,0.848363
839,0.0117232,7.53492,0.0117232,905.231,616.097,0.852279
840,0.0117232,7.51491,0.0117232,905.284,616.606,0.856217
841,0.0117232,7.49481,0.0117232,905.336,617.115,0.860175
842,0.0117232,7.47461,0.0117232,905.389,617.624,0.864155
843,0.0117232,7.45432,0.0117232,905.442,618.134,0.868154
844,0.0117232,7.43394,0.0117232,905.494,618.645,0.872175
845,0.0117232,7.41346,0.0117232,905.547,619.156,0.876217
846,0.0117232,7.39289,0.0117232,905.6,619.668,0.880278
847,0.0117232,7.37222,0.0117232,905.652,620.181,0.88436
848,0.0117232,7.35145,0.0117232,905.705,620.694,0.888462
849,0.0117232,7.33059,0.0117232,905.757,621.208,0.892585
850,0.0117232,7.30964,0.0117232,905.81,621.723,0.896727
851,0.0117232,7.28858,0.0117232,905.863,622.238,0.900889
852,0.0117232,7.26743,0.0117232,905.915,622.754,0.90507
853,0.0117232,7.24618,0.0117232,905.968,623.271,0.90927
854,0.0117232,7.22483,0.0117232,906.02,623.789,0.91349
855,0.0117232,7.20338,0.0117232,906.073,624.307,0.917728
856,0.0117232,7.18184,0.0117232,906.125,624.826,0.921985
857,0.0117232,7.16019,0.0117232,906.178,625.346,0.92626
858,0.0117232,7.13844,0.0117232,906.23,625.867,0.930554
859,0.0117232,7.11659,0.0117232,906.283,626.389,0.934865
860,0.0117232,7.09464,0.0117232,906.335,626.911,0.939194
861,0.0117232,7.07259,0.0117232,906.388,627.435,0.94354
862,0.0117232,7.05044,0.0117232,906.44,627.959,0.947903
863,0.0117232,7.02818,0.0117232,906.493,628.484,0.952283
864,0.0117232,7.00582,0.0117232,906.545,629.011,0.956678
865,0.0117232,6.98336,0.0117232,906.598,629.538,0.961089
866,0.0117232,6.9608,0.0117232,906.65,630.066,0.965516
867,0.0117232,6.93813,0.0117232,906.703,630.596,0.969959
868,0.0117232,6.91536,0.0117232,906.756,631.126,0.974415
869,0.0117232,6.89248,0.0117232,906.808,631.658,0.978886
870,0.0117232,6.8695,0.0117232,906.861,632.19,0.98337
871,0.0117232,6.84641,0.0117232,906.913,632.724,0.987867
872,0.0117232,6.82322,0.0117232,906.966,633.259,0.992378
873,0.0117232,6.79992,0.0117232,907.018,633.795,0.9969
874,0.0117232,6.77651,0.0117232,907.071,634.332,1.00143
875,0.0117232,6.753,0.0117232,907.123,634.87,1.00598
876,0.0117232,6.72939,0.0117232,907.176,635.41,1.01053
877,0.0117232,6.70566,0.0117232,907.228,635.951,1.0151
878,0.0117232,6.68183,0.0117232,907.281,636.493,1.01967
879,0.0117232,6.65789,0.0117232,907.334,637.037,1.02426
880,0.0117232,6.63385,0.0117232,907.386,637.582,1.02885
881,0.0117232,6.60969,0.0117232,907.439,638.128,1.03344
882,0.0117232,6.58543,0.0117232,907.491,638.676,1.03805
883,0.0117232,6.56106,0.0117232,907.544,639.225,1.04266
884,0.0117232,6.53659,0.0117232,907.597,639.776,1.04727
885,0.0117232,6.512,0.0117232,907.649,640.328,1.05189
886,0.0117232,6.48731,0.0117232,907.702,640.882,1.05651
887,0.0117232,6.46251,0.0117232,907.755,641.437,1.06113
888,0.0117232,6.4376,0.0117232,907.807,641.994,1.06576
889,0.0117232,6.41258,0.0117232,907.86,642.552,1.07038
890,0.0117232,6.38746,0.0117232,907.913,643.113,1.075
891,0.0117232,6.36222,0.0117232,907.966,643.674,1.07962
892,0.0117232,6.33688,0.0117232,908.019,644.238,1.08424
893,0.0117232,6.31143,0.0117232,908.071,644.804,1.08885
894,0.0117232,6.28587,0.0117232,908.124,645.371,1.09346
895,0.0117232,6.26021,0.0117232,908.177,645.94,1.09806
896,0.0117232,6.23444,0.0117232,908.23,646.511,1.10265
897,0.0117232,6.20855,0.0117232,908.283,647.084,1.10723
898,0.0117232,6.18257,0.0117232,908.336,647.659,1.1118
899,0.0117232,6.15647,0.0117232,908.389,648.236,1.11636
900,0.0117232,6.13027,0.0117232,908.442,648.815,1.1209
901,0.0117232,6.10396,0.0117232,908.495,649.396,1.12543
902,0.0117232,6.07755,0.0117232,908.548,649.979,1.12995
903,0.0117232,6.05103,0.0117232,908.601,650.565,1.13444
904,0.0117232,6.02441,0.0117232,908.654,651.152,1.13891
905,0.0117232,5.99768,0.0117232,908.707,651.742,1.14336
906,0.0117232,5.97085,0.0117232,908.76,652.335,1.14779
907,0.0117232,5.94392,0.0117232,908.813,652.929,1.15219
908,0.0117232,5.91688,0.0117232,908.867,653.526,1.15656
909,0.0117232,5.88974,0.0117232,908.92,654.126,1.1609
910,0.0117232,5.8625,0.0117232,908.973,654.728,1.16521
911,0.0117232,5.83516,0.0117232,909.027,655.333,1.16949
912,0.0117232,5.80772,0.0117232,909.08,655.94,1.17373
913,0.0117232,5.78018,0.0117232,909.133,656.55,1.17793
914,0.0117232,5.75255,0.0117232,909.187,657.163,1.18208
915,0.0117232,5.72481,0.0117232,909.24,657.778,1.1862
916,0.0117232,5.69698,0.0117232,909.294,658.396,1.19026
917,0.0117232,5.66906,0.0117232,909.348,659.018,1.19428
918,0.0117232,5.64104,0.0117232,909.401,659.642,1.19824
919,0.0117232,5.61294,0.0117232,909.455,660.269,1.20215
920,0.0117232,5.58474,0.0117232,909.509,660.9,1.206
921,0.0117232,5.55645,0.0117232,909.563,661.533,1.20979
922,0.0117232,5.52807,0.0117232,909.617,662.17,1.21351
923,0.0117232,5.49961,0.0117232,909.671,662.81,1.21717
924,0.0117232,5.47106,0.0117232,909.725,663.454,1.22075
925,0.0117232,5.44243,0.0117232,909.779,664.101,1.22426
926,0.0117232,5.41372,0.0117232,909.833,664.751,1.22769
927,0.0117232,5.38493,0.0117232,909.887,665.405,1.23104
928,0.0117232,5.35606,0.0117232,909.941,666.063,1.2343
929,0.0117232,5.32712,0.0117232,909.996,666.724,1.23747
930,0.0117232,5.2981,0.0117232,910.05,667.39,1.24054
931,0.0117232,5.26902,0.0117232,910.104,668.059,1.24352
932,0.0117232,5.23986,0.0117232,910.159,668.732,1.24639
933,0.0117232,5.21064,0.0117232,910.213,669.409,1.24915
934,0.0117232,5.18136,0.0117232,910.268,670.091,1.25179
935,0.0117232,5.15202,0.0117232,910.323,670.776,1.25432
936,0.0117232,5.12262,0.0117232,910.378,671.466,1.25673
937,0.0117232,5.09316,0.0117232,910.433,672.161,1.259
938,0.0117232,5.06365,0.0117232,910.488,672.86,1.26114
939,0.0117232,5.0341,0.0117232,910.543,673.563,1.26314
940,0.0117232,5.0045,0.0117232,910.598,674.271,1.26499
941,0.0117232,4.97486,0.0117232,910.653,674.984,1.26669
942,0.0117232,4.94518,0.0117232,910.709,675.702,1.26823
943,0.0117232,4.91547,0.0117232,910.764,676.425,1.2696
944,0.0117232,4.88572,0.0117232,910.819,677.154,1.2708
945,0.0117232,4.85596,0.0117232,910.875,677.887,1.27182
946,0.0117232,4.82617,0.0117232,910.931,678.626,1.27265
947,0.0117232,4.79636,0.0117232,910.987,679.37,1.27329
948,0.0117232,4.76654,0.0117232,911.043,680.12,1.27373
949,0.0117232,4.73672,0.0117232,911.099,680.875,1.27395
950,0.0117232,4.70689,0.0117232,911.155,681.637,1.27396
951,0.0117232,4.67706,0.0117232,911.211,682.404,1.27374
952,0.0117232,4.64725,0.0117232,911.267,683.177,1.27328
953,0.0117232,4.61744,0.0117232,911.324,683.957,1.27258
954,0.0117232,4.58766,0.0117232,911.381,684.742,1.27163
955,0.0117232,4.5579,0.0117232,911.437,685.535,1.27041
956,0.0117232,4.52818,0.0117232,911.494,686.333,1.26892
957,0.0117232,4.49849,0.0117232,911.551,687.139,1.26714
958,0.0117232,4.46885,0.0117232,911.608,687.951,1.26507
959,0.0117232,4.43926,0.0117232,911.666,688.771,1.2627
960,0.0117232,4.40973,0.0117232,911.723,689.597,1.26001
961,0.0117232,4.38027,0.0117232,911.781,690.431,1.25699
962,0.0117232,4.35089,0.0117232,911.838,691.272,1.25364
963,0.0117232,4.32158,0.0117232,911.896,692.121,1.24993
964,0.0117232,4.29237,0.0117232,911.954,692.977,1.24587
965,0.0117232,4.26326,0.0117232,912.012,693.842,1.24142
966,0.0117232,4.23426,0.0117232,912.071,694.714,1.2366
967,0.0117232,4.20537,0.0117232,912.129,695.594,1.23137
968,0.0117232,4.17662,0.0117232,912.188,696.483,1.22573
969,0.0117232,4.148,0.0117232,912.246,697.38,1.21966
970,0.0117232,4.11953,0.0117232,912.305,698.286,1.21315
971,0.0117232,4.09122,0.0117232,912.365,699.2,1.20619
972,0.0117232,4.06307,0.0117232,912.424,700.124,1.19877
973,0.0117232,4.03511,0.0117232,912.483,701.056,1.19086
974,0.0117232,4.00734,0.0117232,912.543,701.997,1.18246
975,0.0117232,3.97977,0.0117232,912.603,702.948,1.17355
976,0.0117232,3.95242,0.0117232,912.663,703.908,1.16412
977,0.0117232,3.92529,0.0117232,912.723,704.877,1.15416
978,0.0117232,3.8984,0.0117232,912.784,705.856,1.14364
979,0.0117232,3.87177,0.0117232,912.844,706.845,1.13257
980,0.0117232,3.84541,0.0117232,912.905,707.843,1.12092
981,0.0117232,3.81932,0.0117232,912.966,708.852,1.10868
982,0.0117232,3.79353,0.0117232,913.028,709.87,1.09585
983,0.0117232,3.76805,0.0117232,913.089,710.899,1.0824
984,0.0117232,3.74289,0.0117232,913.151,711.937,1.06834
985,0.0117232,3.71807,0.0117232,913.213,712.986,1.05364
986,0.0117232,3.6936,0.0117232,913.275,714.044,1.03831
987,0.0117232,3.66949,0.0117232,913.338,715.113,1.02234
988,0.0117232,3.64577,0.0117232,913.4,716.191,1.00571
989,0.0117232,3.62245,0.0117232,913.463,717.28,0.988437
990,0.0117232,3.59954,0.0117232,913.527,718.379,0.970506
991,0.0117232,3.57706,0.0117232,913.59,719.487,0.951921
992,0.0117232,3.55502,0.0117232,913.654,720.605,0.932684
993,0.0117232,3.53344,0.0117232,913.718,721.733,0.912801
994,0.0117232,3.51233,0.0117232,913.782,722.869,0.892281
995,0.0117232,3.49171,0.0117232,913.847,724.015,0.871135
996,0.0117232,3.4716,0.0117232,913.912,725.17,0.849379
997,0.0117232,3.45199,0.0117232,913.977,726.333,0.827029
998,0.0117232,3.43293,0.0117232,914.042,727.504,0.80411
999,0.0117232,3.4144,0.0117232,914.108,728.683,0.780646
1000,0.0117232,3.39643,0.0117232,914.174,729.869,0.756672
1001,0.0117232,3.37903,0.0117232,914.241,731.062,0.732219
1002,0.0117232,3.3622,0.0117232,914.307,732.261,0.70733
1003,0.0117232,3.34596,0.0117232,914.374,733.466,0.68205
1004,0.0117232,3.33032,0.0117232,914.442,734.676,0.656428
1005,0.0117232,3.31528,0.0117232,914.509,735.89,0.630519
1006,0.0117232,3.30085,0.0117232,914.577,737.108,0.604382
1007,0.0117232,3.28704,0.0117232,914.645,738.329,0.578081
1008,0.0117232,3.27384,0.0117232,914.714,739.553,0.551684
1009,0.0117232,3.26126,0.0117232,914.783,740.778,0.525262
1010,0.0117232,3.24929,0.0117232,914.852,742.004,0.498892
1011,0.0117232,3.23795,0.0117232,914.922,743.229,0.472649
1012,0.0117232,3.22721,0.0117232,914.992,744.454,0.446616
1013,0.0117232,3.21708,0.0117232,915.062,745.677,0.420871
1014,0.0117232,3.20755,0.0117232,915.133,746.898,0.395496
1015,0.0117232,3.1986,0.0117232,915.204,748.116,0.370573
1016,0.0117232,3.19024,0.0117232,915.275,749.329,0.34618
1017,0.0117232,3.18243,0.0117232,915.347,750.538,0.322392
1018,0.0117232,3.17518,0.0117232,915.419,751.741,0.299284
1019,0.0117232,3.16845,0.0117232,915.491,752.939,0.276922
1020,0.0117232,3.16224,0.0117232,915.564,754.129,0.25537
1021,0.0117232,3.15652,0.0117232,915.637,755.312,0.234683
1022,0.0117232,3.15128,0.0117232,915.71,756.487,0.214909
1023,0.0117232,3.14649,0.0117232,915.784,757.654,0.196089
1024,0.0117232,3.14212,0.0117232,915.858,758.812,0.178255
1025,0.0117232,3.13816,0.0117232,915.932,759.961,0.161431
1026,0.0117232,3.13458,0.0117232,916.006,761.101,0.145632
1027,0.0117232,3.13136,0.0117232,916.081,762.231,0.130863
1028,0.0117232,3.12847,0.0117232,916.156,763.351,0.117121
1029,0.0117232,3.12589,0.0117232,916.232,764.46,0.104396
1030,0.0117232,3.12359,0.0117232,916.307,765.56,0.0926686
1031,0.0117232,3.12156,0.0117232,916.383,766.65,0.081913
1032,0.0117232,3.11976,0.0117232,916.459,767.729,0.0720969
1033,0.0117232,3.11819,0.0117232,916.536,768.798,0.0631826
1034,0.0117232,3.11681,0.0117232,916.612,769.857,0.0551275
1035,0.0117232,3.11561,0.0117232,916.689,770.906,0.0478854
1036,0.0117232,3.11457,0.0117232,916.766,771.944,0.0414074
1037,0.0117232,3.11368,0.0117232,916.843,772.973,0.0356424
1038,0.0117232,3.11291,0.0117232,916.92,773.992,0.0305383
1039,0.0117232,3.11225,0.0117232,916.997,775.002,0.0260428
1040,0.0117232,3.11169,0.0117232,917.075,776.002,0.0221041
1041,0.0117232,3.11122,0.0117232,917.153,776.993,0.0186714
1042,0.0117232,3.11082,0.0117232,917.23,777.976,0.0156954
1043,0.0117232,3.11048,0.0117232,917.308,778.949,0.0131293
1044,0.0117232,3.11041,0.0117232,917.327,779.191,0.0125465
